id,first_name,last_name,email,gender,ip_address
1,Lois,Freeman,lfreeman0@wikipedia.org,Female,151.58.32.118
2,Diana,Romero,dromero1@princeton.edu,Female,64.247.59.22
3,Patricia,Rivera,privera2@4shared.com,Female,45.118.2.216
4,Julie,Castillo,jcastillo3@microsoft.com,Female,64.228.202.152
5,Marilyn,Edwards,medwards4@comsenz.com,Female,222.241.62.7
6,Robert,Gardner,rgardner5@parallels.com,Male,138.146.21.106
7,Carolyn,Howard,choward6@si.edu,Female,47.255.219.170
8,Joyce,Cunningham,jcunningham7@studiopress.com,Female,182.143.97.221
9,Jack,Perez,jperez8@deviantart.com,Male,71.212.212.90
10,Bruce,Henry,bhenry9@un.org,Male,102.173.172.21
11,Larry,Ross,lrossa@mozilla.org,Male,198.129.245.151
12,Lillian,Wood,lwoodb@flavors.me,Female,23.109.61.245
13,Margaret,Campbell,mcampbellc@seattletimes.com,Female,55.35.225.60
14,Christopher,Bennett,cbennettd@businessweek.com,Male,139.51.225.99
15,Louis,Shaw,lshawe@yelp.com,Male,142.254.100.184
16,Steven,Meyer,smeyerf@studiopress.com,Male,211.103.18.98
17,Donald,Lawrence,dlawrenceg@qq.com,Male,167.111.167.195
18,Martin,Harrison,mharrisonh@parallels.com,Male,38.187.64.83
19,Craig,Clark,cclarki@hexun.com,Male,43.252.251.213
20,Christine,Fernandez,cfernandezj@edublogs.org,Female,172.26.240.140
21,Ryan,Martinez,rmartinezk@bbb.org,Male,19.4.79.173
22,Craig,Reynolds,creynoldsl@hubpages.com,Male,85.82.94.145
23,Peter,Perry,pperrym@ebay.com,Male,167.51.141.17
24,Richard,Nguyen,rnguyenn@uiuc.edu,Male,159.230.20.180
25,Richard,Lawson,rlawsono@bravesites.com,Male,236.92.83.127
26,Alan,Gilbert,agilbertp@google.nl,Male,22.193.241.8
27,Richard,Fowler,rfowlerq@imdb.com,Male,176.156.13.194
28,Shawn,Howard,showardr@scientificamerican.com,Male,135.0.186.26
29,Deborah,Sanders,dsanderss@163.com,Female,200.102.105.152
30,Michael,Burke,mburket@youtube.com,Male,209.26.152.108
31,Steve,Davis,sdavisu@spiegel.de,Male,229.161.217.148
32,Julie,Watson,jwatsonv@dedecms.com,Female,11.161.37.74
33,Emily,Riley,erileyw@g.co,Female,203.110.244.185
34,Adam,Stephens,astephensx@tinypic.com,Male,232.68.223.148
35,Andrea,Watson,awatsony@free.fr,Female,241.102.139.14
36,Tammy,Austin,taustinz@godaddy.com,Female,53.137.184.212
37,Todd,Medina,tmedina10@reference.com,Male,185.10.50.28
38,Joseph,Jordan,jjordan11@census.gov,Male,111.171.204.76
39,Alice,Spencer,aspencer12@themeforest.net,Female,21.36.252.76
40,Rebecca,Bishop,rbishop13@so-net.ne.jp,Female,198.112.141.178
41,Jeffrey,Hudson,jhudson14@google.com.hk,Male,230.192.184.74
42,Antonio,Gordon,agordon15@wikimedia.org,Male,209.0.118.238
43,James,Chapman,jchapman16@comcast.net,Male,191.140.117.73
44,Jimmy,Fernandez,jfernandez17@discovery.com,Male,164.170.224.128
45,Timothy,Cooper,tcooper18@unesco.org,Male,199.31.153.16
46,Harold,Pierce,hpierce19@goodreads.com,Male,103.73.51.7
47,Jean,Montgomery,jmontgomery1a@sciencedaily.com,Female,237.70.66.31
48,Samuel,Berry,sberry1b@phoca.cz,Male,65.127.230.25
49,Christina,Porter,cporter1c@cornell.edu,Female,255.40.37.152
50,Jason,Alvarez,jalvarez1d@netlog.com,Male,245.39.171.177
51,Ryan,Ford,rford1e@vk.com,Male,197.125.89.9
52,Todd,Gutierrez,tgutierrez1f@shop-pro.jp,Male,82.214.69.25
53,Kenneth,Lawrence,klawrence1g@cbslocal.com,Male,247.240.119.218
54,Carl,Boyd,cboyd1h@nifty.com,Male,36.23.115.199
55,Jonathan,Evans,jevans1i@skyrock.com,Male,248.43.37.32
56,Douglas,Gardner,dgardner1j@dailymail.co.uk,Male,195.142.162.120
57,Robin,Warren,rwarren1k@ucla.edu,Female,218.193.188.212
58,Theresa,Bryant,tbryant1l@home.pl,Female,10.53.227.186
59,Sandra,Hill,shill1m@deviantart.com,Female,87.186.171.28
60,Jesse,Phillips,jphillips1n@drupal.org,Male,189.66.168.182
61,Louis,Watkins,lwatkins1o@army.mil,Male,209.81.33.58
62,Evelyn,Bennett,ebennett1p@cnbc.com,Female,156.126.208.189
63,Donald,Kelly,dkelly1q@free.fr,Male,144.78.149.178
64,Tammy,Moore,tmoore1r@pcworld.com,Female,79.129.176.211
65,Jessica,Burke,jburke1s@meetup.com,Female,17.228.114.236
66,Victor,Weaver,vweaver1t@japanpost.jp,Male,185.53.187.129
67,Daniel,Owens,dowens1u@vkontakte.ru,Male,1.100.229.110
68,Ralph,Ward,rward1v@lycos.com,Male,167.69.3.94
69,Douglas,Price,dprice1w@qq.com,Male,174.13.172.132
70,Alan,Gardner,agardner1x@smh.com.au,Male,122.31.134.120
71,Walter,Wallace,wwallace1y@naver.com,Male,105.22.39.244
72,Samuel,Young,syoung1z@businessweek.com,Male,84.46.139.122
73,Evelyn,Rice,erice20@github.io,Female,70.210.86.212
74,Nancy,Jackson,njackson21@mayoclinic.com,Female,170.209.24.24
75,Tammy,Rivera,trivera22@narod.ru,Female,228.246.18.147
76,Maria,Stewart,mstewart23@china.com.cn,Female,103.123.231.235
77,Timothy,Lawson,tlawson24@amazon.co.jp,Male,150.142.10.122
78,Jimmy,Wallace,jwallace25@canalblog.com,Male,189.218.88.176
79,Frank,Stephens,fstephens26@woothemes.com,Male,135.137.165.38
80,Kathy,Riley,kriley27@comcast.net,Female,238.15.117.15
81,Patricia,Wood,pwood28@abc.net.au,Female,174.94.139.104
82,Nicole,Allen,nallen29@mayoclinic.com,Female,205.186.96.21
83,Wayne,King,wking2a@webs.com,Male,223.152.173.215
84,Helen,Lawrence,hlawrence2b@tinypic.com,Female,148.213.147.185
85,Bobby,Williams,bwilliams2c@sciencedirect.com,Male,96.160.74.126
86,Karen,Hicks,khicks2d@google.co.jp,Female,208.124.18.204
87,Brian,Thomas,bthomas2e@ucoz.ru,Male,127.86.143.98
88,Ralph,Russell,rrussell2f@paginegialle.it,Male,70.6.89.166
89,Albert,Allen,aallen2g@boston.com,Male,231.156.90.23
90,Fred,Alexander,falexander2h@hexun.com,Male,158.87.24.204
91,Catherine,Parker,cparker2i@uiuc.edu,Female,153.55.155.215
92,Matthew,Martin,mmartin2j@ucla.edu,Male,36.144.13.167
93,Donald,Welch,dwelch2k@mlb.com,Male,4.250.241.58
94,Teresa,Mcdonald,tmcdonald2l@bizjournals.com,Female,29.193.210.92
95,Chris,Rice,crice2m@lulu.com,Male,192.29.167.209
96,Jack,Lawrence,jlawrence2n@toplist.cz,Male,97.196.188.183
97,Anne,Gardner,agardner2o@loc.gov,Female,81.12.244.198
98,Judy,Lee,jlee2p@histats.com,Female,49.239.9.248
99,George,Watson,gwatson2q@boston.com,Male,56.205.225.10
100,Ann,Morales,amorales2r@ftc.gov,Female,130.125.91.183
101,William,Clark,wclark2s@berkeley.edu,Male,47.173.196.147
102,Patricia,White,pwhite2t@arstechnica.com,Female,3.82.64.206
103,Lois,Wright,lwright2u@jigsy.com,Female,172.236.50.4
104,Paula,Gordon,pgordon2v@google.nl,Female,164.206.70.1
105,Dennis,Owens,dowens2w@surveymonkey.com,Male,136.101.116.199
106,Alice,Sullivan,asullivan2x@ted.com,Female,102.206.200.159
107,Andrew,Bradley,abradley2y@networksolutions.com,Male,4.5.88.18
108,Henry,Harrison,hharrison2z@posterous.com,Male,8.66.252.15
109,Andrew,Patterson,apatterson30@spotify.com,Male,144.48.93.132
110,Paula,Holmes,pholmes31@dmoz.org,Female,95.201.37.109
111,Justin,Lawrence,jlawrence32@merriam-webster.com,Male,10.190.166.39
112,Alan,Wallace,awallace33@nsw.gov.au,Male,220.51.79.40
113,Carlos,Roberts,croberts34@amazonaws.com,Male,15.218.85.252
114,Stephen,Hart,shart35@psu.edu,Male,238.83.136.41
115,Paul,Wallace,pwallace36@dedecms.com,Male,121.48.64.6
116,Jane,Cox,jcox37@google.com,Female,233.7.188.24
117,Daniel,Scott,dscott38@fastcompany.com,Male,251.121.168.72
118,William,Walker,wwalker39@va.gov,Male,58.203.82.26
119,Lois,Boyd,lboyd3a@histats.com,Female,91.146.176.24
120,Teresa,Daniels,tdaniels3b@hud.gov,Female,116.243.121.36
121,Linda,Gardner,lgardner3c@shop-pro.jp,Female,119.19.161.250
122,Ronald,Edwards,redwards3d@bing.com,Male,230.152.9.189
123,Christopher,Mitchell,cmitchell3e@ucoz.com,Male,138.112.104.194
124,Michelle,Nichols,mnichols3f@networksolutions.com,Female,8.20.158.244
125,Emily,Perkins,eperkins3g@arstechnica.com,Female,171.41.211.23
126,Willie,Matthews,wmatthews3h@bloglines.com,Male,236.182.173.226
127,Jean,Ryan,jryan3i@tiny.cc,Female,116.205.22.93
128,Michael,Porter,mporter3j@opensource.org,Male,185.111.244.116
129,Bonnie,Hill,bhill3k@ameblo.jp,Female,101.64.66.157
130,Walter,Hall,whall3l@upenn.edu,Male,164.78.201.35
131,Keith,Green,kgreen3m@unicef.org,Male,135.42.0.121
132,Adam,Wells,awells3n@google.pl,Male,9.205.55.15
133,Ryan,Ortiz,rortiz3o@businesswire.com,Male,40.120.255.135
134,Carlos,Carr,ccarr3p@telegraph.co.uk,Male,242.160.48.97
135,Alice,Sullivan,asullivan3q@homestead.com,Female,85.147.28.234
136,Jonathan,Bennett,jbennett3r@tumblr.com,Male,59.37.123.21
137,Walter,Crawford,wcrawford3s@dot.gov,Male,147.0.149.71
138,Virginia,Franklin,vfranklin3t@msu.edu,Female,215.37.223.230
139,Judith,Ross,jross3u@gravatar.com,Female,234.182.61.63
140,Irene,Jordan,ijordan3v@statcounter.com,Female,246.187.50.171
141,Christopher,Schmidt,cschmidt3w@whitehouse.gov,Male,37.9.25.81
142,Janet,Rose,jrose3x@biglobe.ne.jp,Female,45.103.70.67
143,Joe,Fox,jfox3y@bandcamp.com,Male,72.220.212.10
144,Laura,Rice,lrice3z@amazon.co.uk,Female,56.186.130.84
145,Harry,Grant,hgrant40@mail.ru,Male,96.79.189.121
146,Wanda,Butler,wbutler41@ihg.com,Female,134.135.103.5
147,Kelly,Knight,kknight42@facebook.com,Female,81.75.175.45
148,Adam,Lane,alane43@dailymail.co.uk,Male,227.225.70.138
149,Eugene,Perry,eperry44@goo.ne.jp,Male,46.79.191.122
150,Ronald,Mccoy,rmccoy45@opera.com,Male,234.17.44.221
151,Christopher,Jones,cjones46@yandex.ru,Male,219.99.66.144
152,Wayne,Barnes,wbarnes47@dailymail.co.uk,Male,117.150.216.212
153,Carl,Cole,ccole48@msu.edu,Male,255.188.66.250
154,Norma,Sims,nsims49@cnet.com,Female,21.235.85.215
155,Shirley,Morris,smorris4a@weather.com,Female,127.36.89.239
156,Marie,Vasquez,mvasquez4b@rambler.ru,Female,254.187.131.54
157,Roy,Banks,rbanks4c@time.com,Male,245.157.193.155
158,Paul,Smith,psmith4d@umich.edu,Male,110.17.88.61
159,Adam,Gilbert,agilbert4e@webnode.com,Male,102.162.241.69
160,Matthew,Johnson,mjohnson4f@virginia.edu,Male,85.2.157.59
161,Scott,Andrews,sandrews4g@mysql.com,Male,244.72.227.28
162,Andrew,Kim,akim4h@digg.com,Male,122.128.155.76
163,Bonnie,Anderson,banderson4i@mtv.com,Female,202.235.249.235
164,Gary,Morgan,gmorgan4j@wsj.com,Male,58.232.165.106
165,Kevin,Thomas,kthomas4k@amazonaws.com,Male,182.211.30.14
166,Kelly,Cunningham,kcunningham4l@over-blog.com,Female,161.58.49.222
167,Mildred,Robinson,mrobinson4m@accuweather.com,Female,151.171.138.219
168,Donna,Berry,dberry4n@tumblr.com,Female,176.237.122.123
169,Rose,Hawkins,rhawkins4o@samsung.com,Female,137.76.99.217
170,Karen,Rogers,krogers4p@mozilla.org,Female,146.254.164.41
171,Diane,Williams,dwilliams4q@constantcontact.com,Female,167.10.129.217
172,Diane,Jacobs,djacobs4r@goo.gl,Female,9.133.177.97
173,Christina,Woods,cwoods4s@booking.com,Female,186.143.172.203
174,Tina,Cox,tcox4t@disqus.com,Female,249.241.227.108
175,Margaret,Little,mlittle4u@youtube.com,Female,58.1.75.185
176,Martin,Hill,mhill4v@ucsd.edu,Male,129.76.77.48
177,Christopher,Brown,cbrown4w@un.org,Male,189.51.127.7
178,Harold,Gutierrez,hgutierrez4x@flickr.com,Male,146.118.90.27
179,Randy,Russell,rrussell4y@digg.com,Male,9.132.34.173
180,Billy,Clark,bclark4z@reverbnation.com,Male,90.54.218.238
181,Kelly,Hawkins,khawkins50@privacy.gov.au,Female,139.137.179.151
182,Wayne,Robertson,wrobertson51@vinaora.com,Male,219.57.190.169
183,Cynthia,Freeman,cfreeman52@tamu.edu,Female,133.24.25.100
184,Gerald,Patterson,gpatterson53@pbs.org,Male,85.153.168.160
185,Craig,Perez,cperez54@wordpress.org,Male,151.175.7.27
186,John,Ward,jward55@geocities.com,Male,198.41.208.238
187,Laura,Fields,lfields56@ihg.com,Female,101.211.29.69
188,Michael,Ellis,mellis57@java.com,Male,166.101.21.163
189,Elizabeth,Holmes,eholmes58@utexas.edu,Female,184.75.150.91
190,Christopher,Washington,cwashington59@unblog.fr,Male,155.181.234.93
191,Keith,Baker,kbaker5a@domainmarket.com,Male,21.237.117.20
192,William,Gomez,wgomez5b@netlog.com,Male,241.187.16.90
193,Louise,Dixon,ldixon5c@typepad.com,Female,133.0.213.153
194,Teresa,Fuller,tfuller5d@acquirethisname.com,Female,116.35.23.39
195,Todd,Mills,tmills5e@flickr.com,Male,148.255.53.186
196,Jesse,Hanson,jhanson5f@ezinearticles.com,Male,87.99.44.144
197,Martha,Ellis,mellis5g@bloglines.com,Female,170.125.39.175
198,Brenda,Hayes,bhayes5h@oaic.gov.au,Female,150.83.158.29
199,Melissa,Nelson,mnelson5i@telegraph.co.uk,Female,190.228.82.154
200,Michelle,Lane,mlane5j@jigsy.com,Female,144.68.43.229
201,Irene,Garza,igarza5k@gov.uk,Female,7.123.163.178
202,Nicholas,King,nking5l@imgur.com,Male,58.173.255.79
203,Raymond,Shaw,rshaw5m@goodreads.com,Male,197.41.203.115
204,Brian,Johnston,bjohnston5n@vinaora.com,Male,245.169.134.136
205,Kathy,Gibson,kgibson5o@jiathis.com,Female,163.98.212.210
206,John,Sullivan,jsullivan5p@1688.com,Male,218.181.49.177
207,Teresa,Johnston,tjohnston5q@blinklist.com,Female,6.45.208.96
208,Jonathan,Price,jprice5r@sitemeter.com,Male,94.252.7.219
209,Thomas,Carr,tcarr5s@apache.org,Male,249.94.41.124
210,Phyllis,Ruiz,pruiz5t@usatoday.com,Female,169.13.222.93
211,Mildred,Chapman,mchapman5u@behance.net,Female,207.28.20.90
212,Carol,Mendoza,cmendoza5v@state.tx.us,Female,252.2.237.245
213,Jane,White,jwhite5w@reference.com,Female,13.51.120.196
214,Joan,James,jjames5x@netlog.com,Female,182.64.210.223
215,Bonnie,Arnold,barnold5y@histats.com,Female,96.38.104.248
216,Adam,Hansen,ahansen5z@deliciousdays.com,Male,136.13.134.75
217,Billy,Hansen,bhansen60@nbcnews.com,Male,183.80.225.41
218,Clarence,Williams,cwilliams61@opera.com,Male,76.24.210.51
219,Doris,Watkins,dwatkins62@blogtalkradio.com,Female,247.66.9.169
220,Bobby,Bradley,bbradley63@multiply.com,Male,187.85.219.159
221,Julia,Powell,jpowell64@dot.gov,Female,234.40.156.78
222,Gerald,Torres,gtorres65@samsung.com,Male,221.99.174.166
223,Thomas,Perkins,tperkins66@cbslocal.com,Male,193.40.237.216
224,Douglas,Knight,dknight67@dropbox.com,Male,180.214.128.196
225,Rachel,Hamilton,rhamilton68@cocolog-nifty.com,Female,231.34.68.146
226,Nancy,Jordan,njordan69@theguardian.com,Female,45.53.141.177
227,William,Bell,wbell6a@so-net.ne.jp,Male,176.47.4.137
228,Peter,Grant,pgrant6b@wired.com,Male,59.4.23.152
229,Wanda,Morgan,wmorgan6c@opera.com,Female,239.107.109.77
230,Donald,Taylor,dtaylor6d@domainmarket.com,Male,42.120.196.176
231,Bobby,Burton,bburton6e@tripadvisor.com,Male,171.170.255.69
232,Kathy,Ferguson,kferguson6f@twitter.com,Female,175.201.92.97
233,Matthew,Phillips,mphillips6g@a8.net,Male,152.122.11.243
234,Christopher,Ramos,cramos6h@goodreads.com,Male,225.194.225.46
235,Michael,Taylor,mtaylor6i@jugem.jp,Male,193.81.68.246
236,Mark,Hicks,mhicks6j@washington.edu,Male,33.71.157.206
237,Lois,Duncan,lduncan6k@shinystat.com,Female,168.150.188.180
238,Peter,Robertson,probertson6l@netscape.com,Male,250.170.28.213
239,Marie,Campbell,mcampbell6m@tumblr.com,Female,5.153.59.0
240,George,Ramirez,gramirez6n@kickstarter.com,Male,114.154.241.232
241,Catherine,Morris,cmorris6o@t-online.de,Female,170.88.148.39
242,Anna,Wood,awood6p@dailymotion.com,Female,25.176.104.63
243,Mildred,Phillips,mphillips6q@dyndns.org,Female,89.227.99.253
244,Alan,Greene,agreene6r@businessinsider.com,Male,46.250.162.127
245,Anna,Owens,aowens6s@unesco.org,Female,145.72.49.245
246,Justin,Snyder,jsnyder6t@mozilla.com,Male,7.203.72.180
247,Clarence,Owens,cowens6u@is.gd,Male,235.170.83.131
248,Sharon,Parker,sparker6v@ucsd.edu,Female,119.123.63.42
249,Margaret,Hayes,mhayes6w@dropbox.com,Female,200.81.59.210
250,Henry,Morales,hmorales6x@chronoengine.com,Male,176.188.66.220
251,Shawn,Reyes,sreyes6y@loc.gov,Male,158.174.240.161
252,Michael,Cole,mcole6z@ustream.tv,Male,234.77.97.183
253,Brian,Austin,baustin70@vimeo.com,Male,136.252.242.114
254,Elizabeth,Washington,ewashington71@pen.io,Female,10.53.101.124
255,Roy,Alvarez,ralvarez72@marketwatch.com,Male,40.213.50.61
256,Catherine,Hayes,chayes73@cnn.com,Female,10.211.219.147
257,Martha,Bishop,mbishop74@drupal.org,Female,204.62.121.43
258,Frances,Elliott,felliott75@nydailynews.com,Female,175.147.94.98
259,Barbara,Black,bblack76@fotki.com,Female,244.2.230.221
260,Phillip,Armstrong,parmstrong77@oaic.gov.au,Male,78.8.9.125
261,Jessica,Carpenter,jcarpenter78@cnet.com,Female,204.247.222.7
262,Gerald,Little,glittle79@amazon.co.uk,Male,231.18.238.68
263,Gregory,Spencer,gspencer7a@marriott.com,Male,237.40.206.18
264,John,Garza,jgarza7b@timesonline.co.uk,Male,226.69.96.185
265,Gloria,Ruiz,gruiz7c@github.com,Female,73.210.19.89
266,Heather,Fernandez,hfernandez7d@usda.gov,Female,168.44.74.53
267,Betty,Riley,briley7e@vistaprint.com,Female,77.112.35.219
268,Lawrence,Welch,lwelch7f@time.com,Male,69.230.219.247
269,Phyllis,Butler,pbutler7g@fotki.com,Female,230.3.249.241
270,Todd,Ortiz,tortiz7h@dmoz.org,Male,119.132.121.27
271,Bobby,Garza,bgarza7i@jimdo.com,Male,67.202.22.108
272,Nicole,Hansen,nhansen7j@unc.edu,Female,23.170.2.146
273,Amanda,Thomas,athomas7k@tripod.com,Female,44.78.166.167
274,Andrea,Perkins,aperkins7l@ehow.com,Female,46.104.235.70
275,Deborah,Harrison,dharrison7m@usnews.com,Female,203.47.174.240
276,Christine,Montgomery,cmontgomery7n@ft.com,Female,235.157.144.150
277,Jesse,Marshall,jmarshall7o@fc2.com,Male,91.16.237.220
278,Louis,Lopez,llopez7p@de.vu,Male,208.88.76.56
279,Martha,Hart,mhart7q@ezinearticles.com,Female,244.145.234.16
280,Norma,Martinez,nmartinez7r@craigslist.org,Female,130.252.138.51
281,Roy,Bailey,rbailey7s@hexun.com,Male,137.38.108.200
282,Laura,Fox,lfox7t@tinyurl.com,Female,48.96.191.227
283,Fred,Ramos,framos7u@disqus.com,Male,205.123.31.231
284,Jacqueline,Price,jprice7v@acquirethisname.com,Female,35.204.90.102
285,Irene,Wheeler,iwheeler7w@wikipedia.org,Female,219.95.128.239
286,Wanda,Daniels,wdaniels7x@theguardian.com,Female,194.159.178.29
287,Aaron,Henderson,ahenderson7y@odnoklassniki.ru,Male,253.49.202.17
288,Timothy,Tucker,ttucker7z@patch.com,Male,38.159.125.107
289,Marie,Patterson,mpatterson80@eventbrite.com,Female,225.140.53.170
290,Harry,Dunn,hdunn81@uiuc.edu,Male,175.28.253.37
291,Phillip,Young,pyoung82@opera.com,Male,61.94.119.253
292,Lois,Murphy,lmurphy83@wiley.com,Female,147.182.116.96
293,Frank,Grant,fgrant84@uiuc.edu,Male,228.202.74.8
294,Craig,Montgomery,cmontgomery85@blog.com,Male,101.187.2.169
295,Barbara,Fuller,bfuller86@tinypic.com,Female,96.89.139.200
296,Martha,Bell,mbell87@who.int,Female,219.44.80.50
297,Julie,Stanley,jstanley88@wired.com,Female,22.0.118.3
298,Brian,Armstrong,barmstrong89@stumbleupon.com,Male,176.135.24.243
299,Adam,Sanders,asanders8a@army.mil,Male,3.10.0.215
300,Sharon,Griffin,sgriffin8b@is.gd,Female,101.54.180.1
301,Emily,Lawson,elawson8c@virginia.edu,Female,60.212.124.183
302,Gregory,Little,glittle8d@exblog.jp,Male,52.113.215.174
303,Howard,Sanders,hsanders8e@twitpic.com,Male,125.240.73.176
304,Patricia,Young,pyoung8f@time.com,Female,167.92.97.222
305,Sandra,Cooper,scooper8g@cbslocal.com,Female,159.32.235.189
306,Michelle,Price,mprice8h@last.fm,Female,90.39.157.168
307,Maria,Jordan,mjordan8i@icq.com,Female,35.230.40.92
308,Jeremy,Welch,jwelch8j@howstuffworks.com,Male,163.213.17.233
309,Melissa,Hanson,mhanson8k@fema.gov,Female,114.111.129.110
310,Jose,Campbell,jcampbell8l@ted.com,Male,32.26.113.184
311,Walter,Bell,wbell8m@livejournal.com,Male,247.17.40.169
312,Heather,Frazier,hfrazier8n@alexa.com,Female,254.106.246.255
313,Ashley,Graham,agraham8o@deliciousdays.com,Female,75.71.30.16
314,Deborah,Hicks,dhicks8p@whitehouse.gov,Female,225.227.96.204
315,Ryan,Stanley,rstanley8q@1688.com,Male,68.252.60.176
316,Jason,Bradley,jbradley8r@eventbrite.com,Male,223.15.147.157
317,Anna,Harrison,aharrison8s@reverbnation.com,Female,202.252.174.11
318,Sandra,Grant,sgrant8t@google.co.uk,Female,192.18.64.63
319,Teresa,Robinson,trobinson8u@stanford.edu,Female,114.110.243.174
320,Dennis,Spencer,dspencer8v@state.gov,Male,45.9.121.183
321,Harold,Castillo,hcastillo8w@usa.gov,Male,212.187.212.70
322,Betty,Howard,bhoward8x@dion.ne.jp,Female,243.103.158.56
323,Keith,Young,kyoung8y@ifeng.com,Male,1.60.151.144
324,Lawrence,Gomez,lgomez8z@theguardian.com,Male,191.1.210.15
325,Sandra,Lane,slane90@google.fr,Female,119.221.134.206
326,Wanda,Miller,wmiller91@goo.ne.jp,Female,58.77.24.132
327,Donna,Kennedy,dkennedy92@dropbox.com,Female,215.47.24.24
328,Steven,Alexander,salexander93@hud.gov,Male,45.148.226.93
329,Pamela,Ruiz,pruiz94@ft.com,Female,144.156.165.137
330,Michelle,Vasquez,mvasquez95@google.nl,Female,202.117.100.174
331,Lillian,Martinez,lmartinez96@nba.com,Female,196.158.249.142
332,Kathy,Palmer,kpalmer97@photobucket.com,Female,22.180.156.221
333,Brenda,Martin,bmartin98@skyrock.com,Female,40.98.103.242
334,Julie,Price,jprice99@gmpg.org,Female,105.131.132.44
335,Gregory,Fowler,gfowler9a@list-manage.com,Male,118.212.77.96
336,Jerry,Meyer,jmeyer9b@npr.org,Male,9.184.189.232
337,Wayne,Hansen,whansen9c@sitemeter.com,Male,11.102.160.241
338,Katherine,Shaw,kshaw9d@fda.gov,Female,185.153.139.233
339,Brian,Martin,bmartin9e@google.pl,Male,254.27.118.163
340,Sean,Simpson,ssimpson9f@homestead.com,Male,43.53.38.8
341,Andrea,King,aking9g@parallels.com,Female,72.193.200.48
342,Paul,Barnes,pbarnes9h@usda.gov,Male,236.131.170.114
343,Wanda,White,wwhite9i@reverbnation.com,Female,116.32.53.127
344,Paul,Wood,pwood9j@tinyurl.com,Male,63.118.23.65
345,Harry,Rodriguez,hrodriguez9k@i2i.jp,Male,66.194.140.33
346,Donna,Wallace,dwallace9l@fda.gov,Female,215.200.158.126
347,Martha,Parker,mparker9m@foxnews.com,Female,178.177.232.59
348,Margaret,Walker,mwalker9n@umich.edu,Female,48.8.102.15
349,Anna,Fields,afields9o@virginia.edu,Female,240.173.77.113
350,Justin,Reynolds,jreynolds9p@hao123.com,Male,58.73.224.40
351,Jimmy,Webb,jwebb9q@delicious.com,Male,34.149.248.142
352,Philip,Bowman,pbowman9r@oracle.com,Male,68.118.215.157
353,Jacqueline,Ruiz,jruiz9s@japanpost.jp,Female,70.220.132.225
354,Louise,Rodriguez,lrodriguez9t@google.co.uk,Female,130.69.19.235
355,Anthony,Meyer,ameyer9u@theatlantic.com,Male,69.231.11.207
356,Russell,Hunter,rhunter9v@skype.com,Male,159.98.9.190
357,Kathy,Martinez,kmartinez9w@theglobeandmail.com,Female,255.135.145.238
358,Anne,Fisher,afisher9x@nature.com,Female,112.67.11.62
359,David,Woods,dwoods9y@earthlink.net,Male,84.126.75.161
360,Scott,Lane,slane9z@techcrunch.com,Male,53.145.114.143
361,Eugene,Henry,ehenrya0@oakley.com,Male,249.30.221.116
362,Matthew,Garcia,mgarciaa1@g.co,Male,69.110.240.207
363,Joan,Roberts,jrobertsa2@kickstarter.com,Female,34.235.117.0
364,Norma,Kim,nkima3@ucoz.com,Female,241.15.29.63
365,Sara,Morgan,smorgana4@dagondesign.com,Female,59.249.49.148
366,Betty,Thompson,bthompsona5@myspace.com,Female,49.183.39.96
367,Arthur,Meyer,ameyera6@arizona.edu,Male,20.192.139.236
368,Kathleen,Crawford,kcrawforda7@redcross.org,Female,184.1.190.31
369,Lillian,Webb,lwebba8@newsvine.com,Female,27.99.167.60
370,Ruby,Larson,rlarsona9@behance.net,Female,161.207.213.250
371,Andrew,Lane,alaneaa@theguardian.com,Male,158.185.179.230
372,Andrew,Fernandez,afernandezab@wikia.com,Male,163.103.78.90
373,Louis,Wright,lwrightac@twitter.com,Male,148.90.155.94
374,Katherine,Harvey,kharveyad@jigsy.com,Female,250.181.74.58
375,Mary,Stevens,mstevensae@mozilla.com,Female,237.150.147.121
376,Teresa,Andrews,tandrewsaf@scientificamerican.com,Female,27.151.94.11
377,Diane,Campbell,dcampbellag@booking.com,Female,80.11.176.151
378,Lawrence,Wallace,lwallaceah@techcrunch.com,Male,226.57.123.171
379,Lisa,Hernandez,lhernandezai@hexun.com,Female,87.190.151.175
380,Susan,Black,sblackaj@irs.gov,Female,83.41.127.164
381,Christine,Burns,cburnsak@boston.com,Female,85.116.22.8
382,Frances,Lane,flaneal@arstechnica.com,Female,16.179.176.8
383,Stephanie,Welch,swelcham@europa.eu,Female,36.47.59.40
384,Ralph,Kelly,rkellyan@europa.eu,Male,21.163.110.97
385,Kenneth,Wood,kwoodao@cnbc.com,Male,71.175.177.227
386,Andrew,Dixon,adixonap@tumblr.com,Male,134.10.39.74
387,Bruce,Hall,bhallaq@51.la,Male,100.94.155.172
388,Evelyn,Henderson,ehendersonar@posterous.com,Female,79.203.177.32
389,Ruby,Medina,rmedinaas@technorati.com,Female,198.249.20.114
390,Jimmy,Richards,jrichardsat@odnoklassniki.ru,Male,246.55.239.218
391,Carl,Robinson,crobinsonau@biblegateway.com,Male,34.145.208.34
392,Shawn,Howard,showardav@nps.gov,Male,6.42.222.141
393,Roger,Frazier,rfrazieraw@webmd.com,Male,99.165.157.136
394,Steven,Mason,smasonax@skyrock.com,Male,118.180.230.1
395,Mildred,Johnson,mjohnsonay@twitpic.com,Female,137.153.101.184
396,Judy,Medina,jmedinaaz@yahoo.co.jp,Female,217.194.163.161
397,Louise,Woods,lwoodsb0@amazonaws.com,Female,73.248.86.239
398,Marie,Fields,mfieldsb1@pinterest.com,Female,143.132.69.119
399,Christine,Chavez,cchavezb2@wordpress.com,Female,149.138.239.145
400,Elizabeth,Lynch,elynchb3@histats.com,Female,183.228.66.135
401,Heather,Howard,hhowardb4@ed.gov,Female,130.45.193.81
402,Todd,Sims,tsimsb5@xinhuanet.com,Male,219.10.193.71
403,Donald,Barnes,dbarnesb6@google.com,Male,166.168.222.166
404,Carol,Ramirez,cramirezb7@sina.com.cn,Female,47.215.86.202
405,Cynthia,Mendoza,cmendozab8@purevolume.com,Female,245.238.218.2
406,Anna,Andrews,aandrewsb9@xing.com,Female,154.255.102.77
407,Albert,Bishop,abishopba@sphinn.com,Male,246.53.151.160
408,Mark,Cook,mcookbb@sogou.com,Male,140.94.122.168
409,Lawrence,Morris,lmorrisbc@lulu.com,Male,217.213.163.73
410,Paul,Russell,prussellbd@hubpages.com,Male,241.24.24.116
411,Timothy,Carter,tcarterbe@fc2.com,Male,249.85.90.48
412,Justin,Martinez,jmartinezbf@ftc.gov,Male,149.119.250.236
413,Gary,Austin,gaustinbg@purevolume.com,Male,183.224.174.250
414,Janice,Payne,jpaynebh@wired.com,Female,91.211.95.69
415,Maria,Gray,mgraybi@virginia.edu,Female,216.30.210.119
416,Carl,Watkins,cwatkinsbj@alibaba.com,Male,52.171.17.74
417,Roger,Wells,rwellsbk@infoseek.co.jp,Male,119.106.225.101
418,Mildred,Ford,mfordbl@tripod.com,Female,113.14.22.160
419,Sharon,Thomas,sthomasbm@printfriendly.com,Female,142.172.64.242
420,Gary,Boyd,gboydbn@boston.com,Male,102.91.111.194
421,Ernest,Kelley,ekelleybo@google.it,Male,108.249.6.17
422,Larry,Stevens,lstevensbp@istockphoto.com,Male,43.180.153.162
423,Eugene,Arnold,earnoldbq@java.com,Male,165.122.82.192
424,Gregory,Ryan,gryanbr@purevolume.com,Male,157.163.78.156
425,Raymond,Burton,rburtonbs@fema.gov,Male,162.234.115.2
426,Nicholas,Gonzalez,ngonzalezbt@t-online.de,Male,82.30.25.175
427,Frank,Alvarez,falvarezbu@joomla.org,Male,113.241.212.226
428,Richard,Morales,rmoralesbv@hp.com,Male,72.176.78.101
429,Sean,Gutierrez,sgutierrezbw@rambler.ru,Male,37.157.87.103
430,Sharon,Hunter,shunterbx@example.com,Female,189.47.193.59
431,William,Brooks,wbrooksby@hc360.com,Male,17.135.175.199
432,Barbara,Lynch,blynchbz@weibo.com,Female,214.254.97.170
433,Donna,Parker,dparkerc0@zimbio.com,Female,214.134.82.242
434,Joe,Wallace,jwallacec1@360.cn,Male,45.250.47.170
435,Lori,Perry,lperryc2@list-manage.com,Female,120.151.1.75
436,Joe,Snyder,jsnyderc3@technorati.com,Male,98.70.76.248
437,Tina,Berry,tberryc4@hibu.com,Female,182.176.93.133
438,Jessica,Scott,jscottc5@cmu.edu,Female,253.34.30.200
439,Gregory,Jacobs,gjacobsc6@hibu.com,Male,68.136.184.80
440,Jennifer,Rogers,jrogersc7@shop-pro.jp,Female,140.158.144.50
441,Maria,Lawson,mlawsonc8@accuweather.com,Female,250.42.30.34
442,Steven,Black,sblackc9@cbslocal.com,Male,229.197.135.23
443,Deborah,Matthews,dmatthewsca@discovery.com,Female,238.40.25.99
444,Sean,Ortiz,sortizcb@bing.com,Male,252.221.174.143
445,Mildred,Meyer,mmeyercc@altervista.org,Female,159.84.18.199
446,Rose,Howard,rhowardcd@t.co,Female,89.99.186.39
447,Susan,Wells,swellsce@blogger.com,Female,69.6.216.178
448,Carolyn,Carpenter,ccarpentercf@elpais.com,Female,213.185.213.133
449,Martha,Mcdonald,mmcdonaldcg@altervista.org,Female,65.35.109.230
450,Julie,Richards,jrichardsch@clickbank.net,Female,197.174.210.218
451,Sara,Ruiz,sruizci@sun.com,Female,61.47.194.166
452,Kevin,Johnston,kjohnstoncj@geocities.jp,Male,80.160.69.254
453,Ruby,Hernandez,rhernandezck@apple.com,Female,207.121.227.186
454,Angela,Tucker,atuckercl@wordpress.com,Female,154.196.27.9
455,Justin,Boyd,jboydcm@hugedomains.com,Male,37.83.225.26
456,Donald,Montgomery,dmontgomerycn@bandcamp.com,Male,154.8.38.178
457,Douglas,Murray,dmurrayco@technorati.com,Male,42.167.222.104
458,Sandra,Taylor,staylorcp@t-online.de,Female,65.88.137.31
459,Jane,Dixon,jdixoncq@multiply.com,Female,243.241.57.175
460,Helen,Ross,hrosscr@mit.edu,Female,27.89.125.172
461,Ashley,Collins,acollinscs@paginegialle.it,Female,246.163.57.120
462,Nancy,Mitchell,nmitchellct@list-manage.com,Female,1.204.57.52
463,Steven,Porter,sportercu@jiathis.com,Male,156.195.34.167
464,Gloria,Perry,gperrycv@arstechnica.com,Female,115.175.15.167
465,Patrick,Rose,prosecw@wix.com,Male,42.12.91.183
466,Earl,Day,edaycx@cbsnews.com,Male,182.239.251.17
467,David,Thomas,dthomascy@fotki.com,Male,35.154.60.137
468,Henry,Webb,hwebbcz@yellowpages.com,Male,198.211.7.126
469,Fred,Hanson,fhansond0@businessinsider.com,Male,94.131.31.221
470,Steven,Wells,swellsd1@posterous.com,Male,193.34.207.81
471,Todd,Phillips,tphillipsd2@nydailynews.com,Male,173.90.183.27
472,Jimmy,Ford,jfordd3@bloomberg.com,Male,72.141.79.73
473,Annie,Flores,afloresd4@yellowbook.com,Female,241.177.198.39
474,Susan,Gonzales,sgonzalesd5@bandcamp.com,Female,126.36.227.87
475,Bobby,Gibson,bgibsond6@elpais.com,Male,25.121.170.127
476,Brandon,Alvarez,balvarezd7@oracle.com,Male,224.72.24.99
477,Judith,Tucker,jtuckerd8@ca.gov,Female,243.235.180.177
478,Julia,Edwards,jedwardsd9@hibu.com,Female,200.220.174.179
479,Joseph,Holmes,jholmesda@seesaa.net,Male,143.76.155.234
480,Sharon,Dean,sdeandb@reuters.com,Female,164.199.129.133
481,Jason,Myers,jmyersdc@hc360.com,Male,148.24.228.49
482,Ralph,Johnston,rjohnstondd@is.gd,Male,107.36.170.11
483,Robert,Coleman,rcolemande@msu.edu,Male,175.187.30.31
484,Carlos,Hayes,chayesdf@phoca.cz,Male,28.28.186.2
485,Jason,Gordon,jgordondg@trellian.com,Male,175.47.173.242
486,Kathy,Hernandez,khernandezdh@icq.com,Female,206.244.92.76
487,Michelle,Garrett,mgarrettdi@noaa.gov,Female,83.253.44.181
488,Michael,Marshall,mmarshalldj@163.com,Male,246.41.182.28
489,Ernest,Roberts,erobertsdk@ocn.ne.jp,Male,105.247.122.107
490,Joan,Vasquez,jvasquezdl@mediafire.com,Female,187.73.172.207
491,Todd,Williams,twilliamsdm@mozilla.org,Male,148.169.7.55
492,Philip,Thomas,pthomasdn@webmd.com,Male,101.227.208.201
493,Janice,Fowler,jfowlerdo@hud.gov,Female,29.46.44.135
494,Ernest,Jacobs,ejacobsdp@washingtonpost.com,Male,236.151.148.2
495,Julie,Dunn,jdunndq@bizjournals.com,Female,248.242.90.70
496,Sharon,Graham,sgrahamdr@time.com,Female,244.179.209.17
497,Teresa,Larson,tlarsonds@tinyurl.com,Female,165.40.199.237
498,Andrew,Armstrong,aarmstrongdt@craigslist.org,Male,209.64.85.215
499,Shirley,Johnson,sjohnsondu@tripod.com,Female,150.11.199.186
500,Benjamin,Robertson,brobertsondv@example.com,Male,157.228.46.171
501,Carlos,Watson,cwatsondw@cbsnews.com,Male,124.123.229.5
502,Julia,Gordon,jgordondx@ed.gov,Female,248.49.128.224
503,Ronald,Myers,rmyersdy@rediff.com,Male,36.233.21.216
504,Ronald,Armstrong,rarmstrongdz@unesco.org,Male,58.134.112.227
505,Earl,Cole,ecolee0@state.tx.us,Male,248.134.95.213
506,Pamela,Carr,pcarre1@statcounter.com,Female,233.71.224.85
507,Craig,Welch,cwelche2@who.int,Male,57.224.224.126
508,William,Romero,wromeroe3@mtv.com,Male,182.29.249.167
509,Steve,Bowman,sbowmane4@ning.com,Male,224.198.41.234
510,Randy,Bishop,rbishope5@bbb.org,Male,67.8.249.190
511,Rose,Cunningham,rcunninghame6@istockphoto.com,Female,38.220.76.72
512,Juan,Robertson,jrobertsone7@time.com,Male,182.113.198.81
513,Julie,Campbell,jcampbelle8@dell.com,Female,239.121.233.60
514,Nicole,Howard,nhowarde9@photobucket.com,Female,250.147.9.233
515,Sarah,Bennett,sbennettea@unc.edu,Female,194.195.61.192
516,Juan,Johnson,jjohnsoneb@amazonaws.com,Male,50.61.48.76
517,Matthew,Hayes,mhayesec@google.com,Male,226.122.118.231
518,Scott,Wilson,swilsoned@adobe.com,Male,94.45.102.12
519,George,Evans,gevansee@1688.com,Male,138.38.231.173
520,Cynthia,Russell,crussellef@sphinn.com,Female,215.189.199.145
521,Charles,Walker,cwalkereg@nhs.uk,Male,69.174.175.228
522,Ronald,Adams,radamseh@qq.com,Male,215.31.130.2
523,Joan,Martin,jmartinei@ebay.co.uk,Female,233.127.167.72
524,Carolyn,Ortiz,cortizej@qq.com,Female,128.235.167.75
525,Brenda,Henderson,bhendersonek@un.org,Female,39.152.252.95
526,Mary,Hall,mhallel@yale.edu,Female,187.224.243.62
527,Debra,Mcdonald,dmcdonaldem@moonfruit.com,Female,74.182.86.29
528,Brandon,Watson,bwatsonen@virginia.edu,Male,244.77.217.230
529,Elizabeth,Hunter,ehuntereo@paginegialle.it,Female,146.109.155.1
530,Rachel,Davis,rdavisep@purevolume.com,Female,28.77.120.53
531,Jacqueline,Bennett,jbennetteq@ca.gov,Female,90.7.28.51
532,Joshua,Hunter,jhunterer@google.com,Male,193.218.187.61
533,Jack,Adams,jadamses@businesswire.com,Male,218.228.87.21
534,Timothy,Grant,tgrantet@senate.gov,Male,158.10.41.106
535,Helen,Meyer,hmeyereu@auda.org.au,Female,138.66.76.209
536,Katherine,Hunt,khuntev@craigslist.org,Female,246.111.236.144
537,Judith,Simpson,jsimpsonew@exblog.jp,Female,206.107.71.126
538,Melissa,Murray,mmurrayex@gizmodo.com,Female,77.17.216.55
539,Bruce,Griffin,bgriffiney@tmall.com,Male,116.118.105.115
540,Bobby,Barnes,bbarnesez@craigslist.org,Male,219.245.8.27
541,Gloria,Weaver,gweaverf0@scientificamerican.com,Female,242.105.149.107
542,Dorothy,Wilson,dwilsonf1@cornell.edu,Female,135.116.110.88
543,Willie,Hart,whartf2@clickbank.net,Male,116.111.244.230
544,Samuel,Adams,sadamsf3@yahoo.com,Male,153.202.97.214
545,Kenneth,Patterson,kpattersonf4@telegraph.co.uk,Male,75.81.41.154
546,John,Armstrong,jarmstrongf5@unblog.fr,Male,238.8.236.124
547,Samuel,Gordon,sgordonf6@hhs.gov,Male,204.99.153.214
548,Jerry,Woods,jwoodsf7@theglobeandmail.com,Male,200.99.68.129
549,Carl,Montgomery,cmontgomeryf8@uol.com.br,Male,222.249.155.122
550,Tammy,Crawford,tcrawfordf9@wikispaces.com,Female,50.99.36.112
551,Chris,Reed,creedfa@xinhuanet.com,Male,191.53.204.243
552,Joe,Barnes,jbarnesfb@skype.com,Male,67.86.78.85
553,Emily,Richards,erichardsfc@phpbb.com,Female,199.219.93.57
554,Kevin,Bennett,kbennettfd@google.es,Male,218.74.94.253
555,Daniel,Wood,dwoodfe@linkedin.com,Male,132.112.38.39
556,Carl,Harper,charperff@cnn.com,Male,61.47.128.121
557,Irene,Mendoza,imendozafg@blogtalkradio.com,Female,78.82.190.150
558,Julie,Hill,jhillfh@twitter.com,Female,73.86.113.44
559,Diane,Woods,dwoodsfi@baidu.com,Female,200.5.51.243
560,Andrea,Jacobs,ajacobsfj@squidoo.com,Female,70.245.177.200
561,Chris,Nelson,cnelsonfk@mapy.cz,Male,207.28.59.215
562,George,Hayes,ghayesfl@phoca.cz,Male,74.177.121.143
563,Linda,Alexander,lalexanderfm@jigsy.com,Female,25.17.192.209
564,Marilyn,Harris,mharrisfn@stanford.edu,Female,48.111.175.61
565,Brenda,Bell,bbellfo@china.com.cn,Female,169.182.218.13
566,Michael,Holmes,mholmesfp@reference.com,Male,63.213.113.111
567,Jeffrey,Hudson,jhudsonfq@opensource.org,Male,166.240.73.176
568,Annie,Arnold,aarnoldfr@squidoo.com,Female,189.23.108.217
569,Andrea,Young,ayoungfs@si.edu,Female,86.45.10.113
570,Sarah,Morrison,smorrisonft@networksolutions.com,Female,166.109.255.106
571,Ronald,Medina,rmedinafu@netvibes.com,Male,206.34.192.119
572,Phyllis,Price,ppricefv@ucsd.edu,Female,215.84.245.89
573,Jonathan,Turner,jturnerfw@guardian.co.uk,Male,11.114.27.87
574,Aaron,Patterson,apattersonfx@ox.ac.uk,Male,32.166.55.222
575,Lois,Robertson,lrobertsonfy@multiply.com,Female,133.148.177.135
576,Andrea,Jackson,ajacksonfz@globo.com,Female,244.142.175.216
577,Diane,Young,dyoungg0@jimdo.com,Female,158.23.4.85
578,Eugene,Palmer,epalmerg1@wordpress.org,Male,158.85.250.185
579,Patrick,Butler,pbutlerg2@apple.com,Male,114.245.19.40
580,Marie,Price,mpriceg3@wikipedia.org,Female,201.180.172.21
581,Mildred,Gordon,mgordong4@sfgate.com,Female,171.229.108.179
582,Roy,Bryant,rbryantg5@sina.com.cn,Male,140.139.215.97
583,Jeffrey,Lopez,jlopezg6@moonfruit.com,Male,22.66.248.163
584,Cheryl,Hicks,chicksg7@wikia.com,Female,90.234.73.245
585,Christine,Stevens,cstevensg8@salon.com,Female,234.6.44.202
586,Michelle,Vasquez,mvasquezg9@pbs.org,Female,134.64.128.15
587,Kimberly,Mendoza,kmendozaga@flavors.me,Female,115.134.244.4
588,Gerald,Reyes,greyesgb@msn.com,Male,164.197.124.103
589,Martha,Armstrong,marmstronggc@alibaba.com,Female,36.180.32.71
590,Martha,Rose,mrosegd@businessweek.com,Female,226.245.55.86
591,Raymond,Hansen,rhansenge@tinyurl.com,Male,29.161.73.21
592,Jose,Stone,jstonegf@shareasale.com,Male,40.112.42.208
593,Justin,Gibson,jgibsongg@virginia.edu,Male,17.51.218.251
594,Evelyn,Gutierrez,egutierrezgh@facebook.com,Female,38.123.38.106
595,Diana,Murphy,dmurphygi@php.net,Female,247.59.136.45
596,Daniel,Oliver,dolivergj@patch.com,Male,77.60.182.113
597,Barbara,Tucker,btuckergk@gnu.org,Female,173.48.22.99
598,Charles,Ross,crossgl@51.la,Male,169.96.117.53
599,Heather,Carr,hcarrgm@typepad.com,Female,229.188.19.198
600,Marie,Ryan,mryangn@cargocollective.com,Female,224.120.241.87
601,James,Lawson,jlawsongo@rambler.ru,Male,157.206.84.114
602,Nancy,Morales,nmoralesgp@alexa.com,Female,46.194.24.168
603,Anne,Hernandez,ahernandezgq@accuweather.com,Female,24.199.47.231
604,Kathleen,Torres,ktorresgr@senate.gov,Female,214.154.23.109
605,Philip,Garcia,pgarciags@earthlink.net,Male,177.222.239.147
606,Kathy,Cruz,kcruzgt@mtv.com,Female,168.22.113.91
607,Jesse,Stephens,jstephensgu@bluehost.com,Male,156.164.137.106
608,Edward,Turner,eturnergv@blogger.com,Male,0.4.116.53
609,Jean,Hill,jhillgw@xing.com,Female,140.228.87.188
610,Patrick,Burke,pburkegx@omniture.com,Male,76.122.142.246
611,Sean,Rose,srosegy@oaic.gov.au,Male,106.225.109.117
612,Jeffrey,Dunn,jdunngz@spiegel.de,Male,167.18.108.95
613,Lillian,Wells,lwellsh0@woothemes.com,Female,64.223.60.23
614,Joe,Flores,jfloresh1@yellowpages.com,Male,181.71.69.9
615,Cheryl,Oliver,coliverh2@wufoo.com,Female,61.39.30.194
616,Phillip,Hicks,phicksh3@mapy.cz,Male,218.139.214.254
617,Arthur,Garza,agarzah4@wikipedia.org,Male,86.225.204.60
618,Diana,Bowman,dbowmanh5@loc.gov,Female,96.88.105.75
619,Heather,Schmidt,hschmidth6@facebook.com,Female,40.30.70.90
620,Brian,Lynch,blynchh7@deliciousdays.com,Male,20.109.28.2
621,Aaron,Ford,afordh8@blogs.com,Male,226.76.208.196
622,Shawn,Woods,swoodsh9@nba.com,Male,54.129.240.255
623,Judith,Hayes,jhayesha@nhs.uk,Female,240.15.144.38
624,Evelyn,Simpson,esimpsonhb@people.com.cn,Female,251.236.14.5
625,Marie,Mason,mmasonhc@shutterfly.com,Female,38.36.16.243
626,Laura,George,lgeorgehd@nifty.com,Female,91.180.225.94
627,Amy,Young,ayounghe@redcross.org,Female,156.191.7.42
628,Larry,Nichols,lnicholshf@slate.com,Male,42.198.10.217
629,Judy,Wells,jwellshg@businessweek.com,Female,172.89.249.157
630,Joseph,Ruiz,jruizhh@reuters.com,Male,204.96.57.255
631,Tina,Bennett,tbennetthi@e-recht24.de,Female,119.29.121.254
632,Kathy,Peterson,kpetersonhj@virginia.edu,Female,196.96.34.115
633,Helen,Gardner,hgardnerhk@t-online.de,Female,161.148.161.100
634,Rebecca,Lynch,rlynchhl@photobucket.com,Female,86.242.17.86
635,Susan,Grant,sgranthm@home.pl,Female,217.94.158.153
636,Steve,Stanley,sstanleyhn@qq.com,Male,145.57.32.238
637,Diane,Wilson,dwilsonho@washington.edu,Female,158.74.172.78
638,Nicholas,Ellis,nellishp@diigo.com,Male,24.205.254.68
639,Kathleen,Wagner,kwagnerhq@theglobeandmail.com,Female,57.105.176.21
640,Jack,Morales,jmoraleshr@va.gov,Male,7.29.63.212
641,Kimberly,Wilson,kwilsonhs@hexun.com,Female,65.102.128.78
642,Kelly,Hernandez,khernandezht@ucoz.ru,Female,71.54.173.37
643,Heather,Dixon,hdixonhu@discovery.com,Female,87.94.247.15
644,Joe,Owens,jowenshv@globo.com,Male,219.137.233.29
645,Victor,Dunn,vdunnhw@flickr.com,Male,24.234.79.6
646,Evelyn,Morris,emorrishx@comsenz.com,Female,115.107.149.64
647,Julie,Hayes,jhayeshy@usnews.com,Female,35.165.35.117
648,Jennifer,Peters,jpetershz@sogou.com,Female,226.136.139.207
649,Jessica,Richardson,jrichardsoni0@smh.com.au,Female,124.52.16.58
650,Fred,Ruiz,fruizi1@instagram.com,Male,73.173.177.67
651,Joyce,Ross,jrossi2@shareasale.com,Female,49.55.249.31
652,Stephen,Kelly,skellyi3@google.com.br,Male,134.207.127.12
653,Lisa,Ramos,lramosi4@cbc.ca,Female,170.238.64.229
654,Carl,Crawford,ccrawfordi5@over-blog.com,Male,43.21.107.34
655,Henry,Vasquez,hvasquezi6@globo.com,Male,171.52.234.144
656,Steve,Webb,swebbi7@about.me,Male,78.49.178.25
657,Tammy,Ray,trayi8@i2i.jp,Female,215.23.216.94
658,Betty,Andrews,bandrewsi9@uol.com.br,Female,108.161.119.229
659,Sara,Gonzales,sgonzalesia@istockphoto.com,Female,227.140.176.171
660,Frances,Rogers,frogersib@merriam-webster.com,Female,167.229.51.44
661,Frances,Perez,fperezic@dmoz.org,Female,12.178.181.43
662,Roy,Baker,rbakerid@yelp.com,Male,121.180.144.245
663,Debra,Chapman,dchapmanie@usnews.com,Female,130.225.75.214
664,Ashley,Gonzales,agonzalesif@cam.ac.uk,Female,219.186.24.217
665,Ryan,Gomez,rgomezig@sitemeter.com,Male,63.74.200.69
666,William,Johnston,wjohnstonih@surveymonkey.com,Male,96.11.242.84
667,Sean,Jones,sjonesii@scribd.com,Male,53.107.32.98
668,Wanda,Garrett,wgarrettij@japanpost.jp,Female,49.100.0.123
669,Carlos,Dunn,cdunnik@linkedin.com,Male,166.132.46.91
670,Pamela,Matthews,pmatthewsil@twitpic.com,Female,110.201.14.64
671,Tammy,Bowman,tbowmanim@ehow.com,Female,6.27.199.227
672,Todd,Baker,tbakerin@flavors.me,Male,90.34.125.71
673,Heather,Morris,hmorrisio@hp.com,Female,234.2.226.28
674,Randy,Hawkins,rhawkinsip@cdc.gov,Male,216.47.45.167
675,George,Ward,gwardiq@toplist.cz,Male,236.25.150.166
676,Irene,Pierce,ipierceir@vistaprint.com,Female,10.163.80.3
677,Barbara,Oliver,boliveris@un.org,Female,159.125.19.47
678,Louise,Mendoza,lmendozait@prnewswire.com,Female,167.234.133.118
679,Sharon,Owens,sowensiu@princeton.edu,Female,1.77.207.122
680,Anne,Harvey,aharveyiv@loc.gov,Female,28.12.234.235
681,Norma,Diaz,ndiaziw@google.de,Female,41.194.51.2
682,Angela,Burke,aburkeix@yahoo.com,Female,78.122.195.51
683,Michelle,Hayes,mhayesiy@istockphoto.com,Female,27.107.144.130
684,Deborah,Greene,dgreeneiz@people.com.cn,Female,135.28.86.223
685,Susan,Lee,sleej0@fotki.com,Female,187.79.253.222
686,Christine,Marshall,cmarshallj1@artisteer.com,Female,134.68.183.92
687,Stephen,Ortiz,sortizj2@trellian.com,Male,171.17.162.104
688,Rose,Jacobs,rjacobsj3@dion.ne.jp,Female,163.71.191.125
689,Kimberly,Gray,kgrayj4@unesco.org,Female,174.38.143.18
690,Beverly,Andrews,bandrewsj5@vk.com,Female,112.30.254.159
691,Antonio,Bradley,abradleyj6@cloudflare.com,Male,239.74.159.245
692,Phyllis,Graham,pgrahamj7@ft.com,Female,57.89.162.112
693,Daniel,Foster,dfosterj8@buzzfeed.com,Male,94.156.200.94
694,Heather,Hernandez,hhernandezj9@bbc.co.uk,Female,7.166.87.252
695,Howard,Perry,hperryja@mozilla.com,Male,54.50.226.249
696,Beverly,Lawrence,blawrencejb@admin.ch,Female,112.153.203.161
697,Irene,Vasquez,ivasquezjc@weather.com,Female,215.175.22.148
698,Willie,Weaver,wweaverjd@cisco.com,Male,59.144.199.65
699,Julie,Hall,jhallje@bluehost.com,Female,157.57.182.24
700,Edward,Fisher,efisherjf@dmoz.org,Male,147.3.121.222
701,Phyllis,Harrison,pharrisonjg@walmart.com,Female,59.74.240.117
702,Susan,Hicks,shicksjh@statcounter.com,Female,59.80.82.209
703,Debra,Reed,dreedji@narod.ru,Female,170.5.113.174
704,Henry,Hansen,hhansenjj@sakura.ne.jp,Male,185.36.186.153
705,Robin,Young,ryoungjk@unesco.org,Female,7.130.92.180
706,Irene,Bell,ibelljl@cnn.com,Female,232.205.251.193
707,Ruby,Gonzales,rgonzalesjm@reference.com,Female,221.182.114.151
708,Donald,Sims,dsimsjn@springer.com,Male,103.156.57.182
709,Lillian,Frazier,lfrazierjo@utexas.edu,Female,118.160.38.87
710,Gerald,Wagner,gwagnerjp@drupal.org,Male,188.249.26.171
711,Jesse,Carr,jcarrjq@ezinearticles.com,Male,249.76.114.95
712,Justin,Owens,jowensjr@woothemes.com,Male,172.113.154.170
713,Jack,Davis,jdavisjs@army.mil,Male,220.3.73.121
714,Doris,Carroll,dcarrolljt@sphinn.com,Female,138.128.187.55
715,Robin,Martin,rmartinju@blogs.com,Female,50.186.223.212
716,Juan,Burns,jburnsjv@surveymonkey.com,Male,150.246.71.9
717,Carol,Brooks,cbrooksjw@nature.com,Female,119.161.114.237
718,Kathleen,Fernandez,kfernandezjx@va.gov,Female,123.156.211.147
719,Bobby,Ramirez,bramirezjy@tiny.cc,Male,190.123.141.31
720,Janice,Burke,jburkejz@creativecommons.org,Female,125.125.136.4
721,Anna,Richardson,arichardsonk0@github.com,Female,3.141.42.244
722,Julia,Austin,jaustink1@squarespace.com,Female,240.167.99.191
723,Melissa,Alexander,malexanderk2@wsj.com,Female,198.7.2.54
724,Christine,Wallace,cwallacek3@bloglovin.com,Female,209.235.253.94
725,Wanda,Gilbert,wgilbertk4@51.la,Female,210.114.250.114
726,Ashley,Richards,arichardsk5@ameblo.jp,Female,48.249.75.96
727,Kenneth,Armstrong,karmstrongk6@hao123.com,Male,121.226.92.60
728,Robert,Fernandez,rfernandezk7@webnode.com,Male,86.109.147.204
729,Christine,Price,cpricek8@creativecommons.org,Female,126.163.207.222
730,Teresa,Garrett,tgarrettk9@google.ru,Female,125.170.229.83
731,Phillip,Hudson,phudsonka@cbsnews.com,Male,34.198.220.126
732,Donald,Ellis,delliskb@icq.com,Male,79.187.174.170
733,Arthur,Pierce,apiercekc@imgur.com,Male,122.193.232.104
734,Elizabeth,Hunter,ehunterkd@domainmarket.com,Female,164.132.251.13
735,Virginia,Perez,vperezke@toplist.cz,Female,2.65.7.169
736,Cheryl,Henderson,chendersonkf@mapquest.com,Female,5.22.93.237
737,Julia,Black,jblackkg@seesaa.net,Female,106.83.76.130
738,Emily,Olson,eolsonkh@cpanel.net,Female,107.200.60.96
739,Cheryl,Harris,charriski@mail.ru,Female,223.192.54.228
740,Amy,Fernandez,afernandezkj@weebly.com,Female,91.58.16.123
741,Harry,Bell,hbellkk@chicagotribune.com,Male,100.135.207.198
742,Christine,Garza,cgarzakl@irs.gov,Female,26.53.183.129
743,Eric,Dean,edeankm@telegraph.co.uk,Male,213.141.95.100
744,Michael,Andrews,mandrewskn@cnbc.com,Male,128.27.186.170
745,Donna,Franklin,dfranklinko@ow.ly,Female,142.36.178.241
746,Jonathan,Daniels,jdanielskp@360.cn,Male,23.230.98.26
747,Beverly,Morgan,bmorgankq@weebly.com,Female,49.122.160.103
748,Sandra,Parker,sparkerkr@ed.gov,Female,216.159.32.102
749,Jessica,Diaz,jdiazks@printfriendly.com,Female,179.165.156.110
750,Pamela,Henry,phenrykt@cyberchimps.com,Female,227.69.171.151
751,Patricia,Perez,pperezku@bravesites.com,Female,208.178.203.21
752,Helen,Johnston,hjohnstonkv@google.co.jp,Female,216.216.134.181
753,Robin,Bell,rbellkw@acquirethisname.com,Female,212.248.125.172
754,Charles,Reed,creedkx@vkontakte.ru,Male,6.200.211.208
755,Joshua,Green,jgreenky@4shared.com,Male,232.136.218.250
756,Tina,Reyes,treyeskz@imgur.com,Female,207.21.104.38
757,Annie,Stevens,astevensl0@apple.com,Female,114.52.13.190
758,Douglas,Morgan,dmorganl1@cbc.ca,Male,107.197.22.6
759,Larry,Mills,lmillsl2@wufoo.com,Male,245.119.120.23
760,Ashley,Rose,arosel3@mashable.com,Female,77.122.244.99
761,Susan,Watkins,swatkinsl4@walmart.com,Female,20.62.157.216
762,Willie,Bennett,wbennettl5@marketwatch.com,Male,154.14.217.251
763,Brian,Jacobs,bjacobsl6@shop-pro.jp,Male,192.212.203.210
764,Joseph,Andrews,jandrewsl7@wix.com,Male,249.81.106.132
765,Marie,Phillips,mphillipsl8@cnn.com,Female,255.134.189.178
766,Bobby,Flores,bfloresl9@accuweather.com,Male,235.33.141.73
767,Irene,Rose,irosela@indiatimes.com,Female,68.48.31.118
768,Angela,Bradley,abradleylb@hao123.com,Female,146.15.206.148
769,Mary,Dean,mdeanlc@vk.com,Female,168.137.202.148
770,David,Bishop,dbishopld@studiopress.com,Male,228.193.72.243
771,Linda,Hicks,lhicksle@odnoklassniki.ru,Female,18.30.223.236
772,Christopher,Cunningham,ccunninghamlf@japanpost.jp,Male,120.124.203.49
773,Christopher,White,cwhitelg@is.gd,Male,119.32.130.212
774,Steve,Nichols,snicholslh@marriott.com,Male,63.53.63.233
775,Bonnie,Jenkins,bjenkinsli@pbs.org,Female,220.238.239.154
776,Nicholas,Berry,nberrylj@privacy.gov.au,Male,151.89.134.180
777,Christopher,Torres,ctorreslk@dmoz.org,Male,106.109.232.150
778,Karen,Young,kyoungll@foxnews.com,Female,32.72.23.240
779,Steve,Jackson,sjacksonlm@tiny.cc,Male,55.20.43.103
780,Adam,Hudson,ahudsonln@edublogs.org,Male,229.237.52.14
781,Keith,Oliver,koliverlo@behance.net,Male,251.217.83.148
782,Jeremy,Barnes,jbarneslp@sina.com.cn,Male,77.135.251.40
783,Amy,Washington,awashingtonlq@flickr.com,Female,130.124.224.23
784,Elizabeth,Mccoy,emccoylr@dot.gov,Female,160.96.59.0
785,Clarence,Morrison,cmorrisonls@aboutads.info,Male,221.245.4.92
786,Steve,Ford,sfordlt@oakley.com,Male,128.195.109.142
787,Irene,Castillo,icastillolu@digg.com,Female,83.80.120.137
788,Juan,Williamson,jwilliamsonlv@youku.com,Male,100.179.167.217
789,Wayne,Murray,wmurraylw@ovh.net,Male,93.11.196.11
790,Henry,Washington,hwashingtonlx@myspace.com,Male,249.146.132.61
791,Mark,Cruz,mcruzly@gov.uk,Male,224.75.78.195
792,Earl,Thomas,ethomaslz@youku.com,Male,140.89.247.34
793,Roy,Snyder,rsnyderm0@zimbio.com,Male,7.217.190.52
794,Bonnie,Bailey,bbaileym1@phpbb.com,Female,35.111.231.28
795,Thomas,Ryan,tryanm2@jigsy.com,Male,222.78.238.25
796,Andrea,Ford,afordm3@washington.edu,Female,36.66.120.94
797,Sean,Kelley,skelleym4@dailymotion.com,Male,92.47.226.191
798,Carolyn,Stewart,cstewartm5@google.es,Female,91.59.216.207
799,Sandra,Jordan,sjordanm6@blog.com,Female,176.98.33.13
800,Lillian,Thompson,lthompsonm7@imdb.com,Female,136.124.148.126
801,Marilyn,Duncan,mduncanm8@mapy.cz,Female,39.114.143.141
802,Susan,Stevens,sstevensm9@constantcontact.com,Female,7.75.7.64
803,Jeremy,Hart,jhartma@scribd.com,Male,140.229.25.255
804,Deborah,Franklin,dfranklinmb@tiny.cc,Female,18.245.26.193
805,Teresa,Mitchell,tmitchellmc@de.vu,Female,141.79.188.78
806,Philip,Wells,pwellsmd@yale.edu,Male,78.35.25.162
807,Virginia,Gardner,vgardnerme@hubpages.com,Female,182.68.139.117
808,Diana,Martinez,dmartinezmf@mlb.com,Female,104.29.212.136
809,Jane,Oliver,jolivermg@nhs.uk,Female,168.31.222.248
810,Judy,Richards,jrichardsmh@uol.com.br,Female,6.66.239.145
811,Michelle,Robertson,mrobertsonmi@theguardian.com,Female,175.145.164.33
812,Linda,Patterson,lpattersonmj@patch.com,Female,6.90.114.189
813,Barbara,Parker,bparkermk@msn.com,Female,87.225.195.237
814,Rachel,Carroll,rcarrollml@scientificamerican.com,Female,36.103.78.40
815,Douglas,Wells,dwellsmm@unesco.org,Male,102.196.31.60
816,Shawn,Price,spricemn@hugedomains.com,Male,237.159.20.209
817,Judy,Baker,jbakermo@dmoz.org,Female,106.198.103.64
818,Bobby,Wells,bwellsmp@privacy.gov.au,Male,249.48.153.119
819,Elizabeth,Wood,ewoodmq@home.pl,Female,174.194.136.91
820,Wayne,Pierce,wpiercemr@wikimedia.org,Male,71.56.29.193
821,Angela,Gonzales,agonzalesms@flavors.me,Female,69.240.102.169
822,Christopher,Moore,cmooremt@geocities.com,Male,253.123.126.34
823,Donald,Jenkins,djenkinsmu@dot.gov,Male,72.180.35.254
824,Adam,Ford,afordmv@gizmodo.com,Male,54.228.72.209
825,Linda,Graham,lgrahammw@webeden.co.uk,Female,71.123.95.133
826,Michael,Perry,mperrymx@businesswire.com,Male,168.225.34.213
827,Justin,Woods,jwoodsmy@army.mil,Male,56.241.229.235
828,Raymond,Grant,rgrantmz@bravesites.com,Male,193.225.241.36
829,Douglas,Elliott,delliottn0@usatoday.com,Male,147.0.77.131
830,Judy,Garrett,jgarrettn1@so-net.ne.jp,Female,216.15.226.202
831,Larry,Fowler,lfowlern2@macromedia.com,Male,222.65.63.130
832,Martha,Arnold,marnoldn3@liveinternet.ru,Female,118.111.4.216
833,Brenda,Garrett,bgarrettn4@dailymotion.com,Female,215.178.130.83
834,Bonnie,Fowler,bfowlern5@icq.com,Female,218.45.83.3
835,Edward,Carpenter,ecarpentern6@businesswire.com,Male,167.107.126.169
836,Howard,Edwards,hedwardsn7@google.nl,Male,122.55.33.202
837,Sean,Holmes,sholmesn8@soundcloud.com,Male,47.11.78.32
838,Shawn,Morris,smorrisn9@cnbc.com,Male,245.243.102.97
839,Kimberly,Elliott,kelliottna@discovery.com,Female,76.157.247.113
840,Carlos,Fernandez,cfernandeznb@vimeo.com,Male,155.25.24.148
841,John,Ward,jwardnc@barnesandnoble.com,Male,175.0.73.83
842,Walter,Henry,whenrynd@mail.ru,Male,147.168.232.233
843,Annie,Stephens,astephensne@theguardian.com,Female,12.239.182.2
844,Bobby,Bennett,bbennettnf@shutterfly.com,Male,188.58.235.164
845,Johnny,Perry,jperryng@stanford.edu,Male,7.134.205.69
846,Antonio,Simpson,asimpsonnh@gravatar.com,Male,177.71.102.161
847,Joseph,Ruiz,jruizni@xinhuanet.com,Male,234.197.208.25
848,Bruce,Thompson,bthompsonnj@is.gd,Male,176.238.193.224
849,Joan,Burns,jburnsnk@over-blog.com,Female,174.230.52.246
850,Linda,Day,ldaynl@sciencedaily.com,Female,248.94.122.5
851,Jeffrey,Turner,jturnernm@redcross.org,Male,229.64.93.0
852,Jeffrey,Dixon,jdixonnn@sphinn.com,Male,10.146.140.143
853,Denise,Cook,dcookno@google.com.au,Female,213.49.116.101
854,Stephen,Peters,spetersnp@so-net.ne.jp,Male,120.231.40.209
855,Christina,West,cwestnq@ameblo.jp,Female,114.153.4.176
856,Jeffrey,Nguyen,jnguyennr@weebly.com,Male,66.134.32.86
857,Jessica,Perkins,jperkinsns@simplemachines.org,Female,193.20.95.1
858,Norma,Pierce,npiercent@a8.net,Female,26.86.200.68
859,Terry,Gibson,tgibsonnu@google.com.au,Male,175.83.113.16
860,Debra,Butler,dbutlernv@whitehouse.gov,Female,171.53.218.5
861,Paul,Washington,pwashingtonnw@sciencedaily.com,Male,94.207.162.118
862,Raymond,Webb,rwebbnx@wikispaces.com,Male,203.225.225.163
863,Christine,Baker,cbakerny@artisteer.com,Female,137.195.179.217
864,Alan,Arnold,aarnoldnz@mlb.com,Male,57.128.244.85
865,Victor,Ramirez,vramirezo0@unc.edu,Male,242.99.85.120
866,Paul,Lawson,plawsono1@list-manage.com,Male,67.103.139.159
867,Ashley,Young,ayoungo2@seattletimes.com,Female,170.217.92.74
868,Lois,Smith,lsmitho3@cnn.com,Female,131.154.226.75
869,Christine,Lawson,clawsono4@microsoft.com,Female,155.190.132.232
870,Lisa,Peters,lpeterso5@freewebs.com,Female,61.172.241.209
871,Bruce,Daniels,bdanielso6@usnews.com,Male,50.103.143.189
872,Johnny,Smith,jsmitho7@uol.com.br,Male,53.0.67.66
873,Walter,Little,wlittleo8@un.org,Male,127.208.235.87
874,Stephanie,Hawkins,shawkinso9@guardian.co.uk,Female,89.226.78.245
875,Patricia,Hernandez,phernandezoa@typepad.com,Female,150.23.201.94
876,Ryan,Schmidt,rschmidtob@earthlink.net,Male,153.36.73.16
877,George,Ward,gwardoc@aboutads.info,Male,178.97.110.216
878,Benjamin,Collins,bcollinsod@sun.com,Male,182.213.42.114
879,David,Rogers,drogersoe@ezinearticles.com,Male,190.230.108.219
880,Annie,Jones,ajonesof@acquirethisname.com,Female,102.6.15.42
881,Joshua,Gardner,jgardnerog@linkedin.com,Male,248.219.1.87
882,Christine,Ruiz,cruizoh@unblog.fr,Female,42.165.130.92
883,Jose,Black,jblackoi@mail.ru,Male,236.108.92.67
884,Dorothy,Brown,dbrownoj@seesaa.net,Female,217.111.13.163
885,Timothy,Burton,tburtonok@youtu.be,Male,194.201.12.236
886,Cheryl,Russell,crussellol@tinypic.com,Female,238.252.132.255
887,Shawn,Gonzales,sgonzalesom@marriott.com,Male,220.252.224.189
888,Alice,Fields,afieldson@freewebs.com,Female,152.56.118.61
889,Jimmy,Burns,jburnsoo@symantec.com,Male,86.245.213.196
890,Eugene,Russell,erussellop@merriam-webster.com,Male,21.144.243.40
891,Joyce,Arnold,jarnoldoq@de.vu,Female,149.143.188.48
892,Daniel,Ford,dfordor@technorati.com,Male,229.117.121.196
893,Jane,Russell,jrussellos@indiatimes.com,Female,47.157.218.37
894,Donna,Sanchez,dsanchezot@cloudflare.com,Female,59.221.185.78
895,William,Wells,wwellsou@technorati.com,Male,10.44.65.210
896,Catherine,Hernandez,chernandezov@sciencedirect.com,Female,94.17.224.217
897,Helen,Baker,hbakerow@google.com.au,Female,55.140.63.35
898,Jose,Stone,jstoneox@sciencedaily.com,Male,190.216.132.27
899,Jerry,Gordon,jgordonoy@blogtalkradio.com,Male,24.40.213.107
900,Norma,Freeman,nfreemanoz@symantec.com,Female,95.172.23.27
901,Jerry,Richardson,jrichardsonp0@de.vu,Male,215.182.9.53
902,Norma,Carr,ncarrp1@wikimedia.org,Female,205.93.213.111
903,Barbara,Elliott,belliottp2@unc.edu,Female,160.97.132.217
904,Matthew,Porter,mporterp3@google.de,Male,187.5.128.85
905,Sarah,Reed,sreedp4@army.mil,Female,1.203.1.220
906,Rebecca,Fuller,rfullerp5@networksolutions.com,Female,146.130.162.122
907,Patrick,Duncan,pduncanp6@barnesandnoble.com,Male,68.125.80.219
908,Shawn,Kelly,skellyp7@symantec.com,Male,28.72.248.61
909,Henry,Stewart,hstewartp8@howstuffworks.com,Male,99.38.156.98
910,Cynthia,Pierce,cpiercep9@google.fr,Female,193.214.251.126
911,Diana,Sullivan,dsullivanpa@netscape.com,Female,31.34.227.154
912,Christina,Campbell,ccampbellpb@usgs.gov,Female,195.141.138.110
913,Craig,Jones,cjonespc@storify.com,Male,57.158.83.197
914,Anthony,Garcia,agarciapd@wunderground.com,Male,238.218.50.249
915,Julia,Ford,jfordpe@sciencedirect.com,Female,232.213.22.222
916,Martin,Lynch,mlynchpf@delicious.com,Male,9.217.113.91
917,Margaret,Snyder,msnyderpg@360.cn,Female,43.203.90.115
918,Diana,Dixon,ddixonph@gravatar.com,Female,174.202.198.201
919,Martha,Harvey,mharveypi@lycos.com,Female,160.80.173.221
920,Stephen,Thompson,sthompsonpj@pagesperso-orange.fr,Male,79.223.43.160
921,Howard,Rogers,hrogerspk@mediafire.com,Male,73.126.8.75
922,Anne,Murray,amurraypl@edublogs.org,Female,95.74.23.175
923,Judy,Morgan,jmorganpm@independent.co.uk,Female,188.140.203.73
924,Walter,Coleman,wcolemanpn@chron.com,Male,54.216.240.121
925,Rose,Rodriguez,rrodriguezpo@google.cn,Female,213.43.45.74
926,Kathryn,Jordan,kjordanpp@hibu.com,Female,18.75.114.46
927,Johnny,Kennedy,jkennedypq@paginegialle.it,Male,151.40.37.96
928,Aaron,Diaz,adiazpr@liveinternet.ru,Male,245.133.88.156
929,Sharon,Roberts,srobertsps@amazon.de,Female,40.40.30.145
930,Joan,Black,jblackpt@wisc.edu,Female,147.104.141.91
931,Sean,Perry,sperrypu@sogou.com,Male,177.171.53.73
932,Frances,Ryan,fryanpv@mapquest.com,Female,134.163.84.135
933,Ralph,Knight,rknightpw@house.gov,Male,131.185.53.48
934,Paul,Bailey,pbaileypx@surveymonkey.com,Male,255.154.72.4
935,Michael,Romero,mromeropy@google.it,Male,65.223.174.195
936,Phillip,Powell,ppowellpz@tinypic.com,Male,166.34.166.79
937,Sharon,Mccoy,smccoyq0@diigo.com,Female,188.6.156.35
938,Christina,Ryan,cryanq1@homestead.com,Female,123.25.6.74
939,Jeffrey,Peters,jpetersq2@narod.ru,Male,231.206.118.121
940,Cynthia,Bradley,cbradleyq3@ebay.com,Female,249.27.202.125
941,Doris,Campbell,dcampbellq4@guardian.co.uk,Female,163.0.193.36
942,Craig,Smith,csmithq5@huffingtonpost.com,Male,168.15.117.204
943,Gary,Cruz,gcruzq6@intel.com,Male,67.240.151.183
944,Frank,Owens,fowensq7@tuttocitta.it,Male,118.6.167.114
945,Carl,Fowler,cfowlerq8@quantcast.com,Male,25.161.250.167
946,Louis,Ramos,lramosq9@reuters.com,Male,213.31.234.31
947,Kelly,Howard,khowardqa@sbwire.com,Female,126.76.64.235
948,Frances,Hansen,fhansenqb@hostgator.com,Female,9.122.28.215
949,Terry,Morales,tmoralesqc@cpanel.net,Male,96.158.219.240
950,Adam,Washington,awashingtonqd@cbsnews.com,Male,81.111.117.104
951,Anthony,Carpenter,acarpenterqe@odnoklassniki.ru,Male,226.94.126.105
952,Norma,Grant,ngrantqf@nps.gov,Female,218.143.181.133
953,Harry,Kelley,hkelleyqg@psu.edu,Male,126.167.3.219
954,Marie,Ferguson,mfergusonqh@joomla.org,Female,7.211.111.160
955,Roger,Medina,rmedinaqi@go.com,Male,133.55.226.157
956,Phyllis,Carter,pcarterqj@forbes.com,Female,250.105.252.139
957,Annie,Wagner,awagnerqk@51.la,Female,164.37.185.178
958,Beverly,Hughes,bhughesql@buzzfeed.com,Female,90.86.12.141
959,Ann,Murray,amurrayqm@photobucket.com,Female,98.154.115.139
960,Amy,Carr,acarrqn@g.co,Female,202.87.222.93
961,David,Bradley,dbradleyqo@shutterfly.com,Male,13.183.205.168
962,Angela,Williamson,awilliamsonqp@unicef.org,Female,31.151.4.52
963,Richard,Reid,rreidqq@ucsd.edu,Male,163.228.172.14
964,Arthur,Lee,aleeqr@yellowbook.com,Male,159.240.151.96
965,John,Wood,jwoodqs@hubpages.com,Male,133.255.220.222
966,Rose,Jones,rjonesqt@netscape.com,Female,209.17.72.77
967,Amanda,Rodriguez,arodriguezqu@indiatimes.com,Female,163.70.103.123
968,Donald,Lee,dleeqv@washington.edu,Male,170.132.205.108
969,William,Rogers,wrogersqw@cnbc.com,Male,82.115.59.161
970,Juan,Romero,jromeroqx@mapy.cz,Male,121.154.90.87
971,Ryan,Larson,rlarsonqy@about.me,Male,69.250.32.75
972,Ernest,Harrison,eharrisonqz@about.com,Male,201.211.49.101
973,Susan,Sanchez,ssanchezr0@google.com.br,Female,91.82.82.180
974,Karen,Clark,kclarkr1@nationalgeographic.com,Female,240.254.32.27
975,Judith,Meyer,jmeyerr2@linkedin.com,Female,143.146.42.118
976,Cheryl,Baker,cbakerr3@dailymotion.com,Female,33.118.166.55
977,Randy,Collins,rcollinsr4@fotki.com,Male,210.151.94.106
978,Janice,Martinez,jmartinezr5@acquirethisname.com,Female,245.174.221.52
979,Charles,Long,clongr6@paypal.com,Male,144.13.178.5
980,Katherine,Little,klittler7@squarespace.com,Female,170.235.59.58
981,Carol,Moreno,cmorenor8@geocities.jp,Female,96.97.253.250
982,Justin,Cook,jcookr9@businessinsider.com,Male,140.122.185.119
983,Victor,Schmidt,vschmidtra@slideshare.net,Male,170.61.102.164
984,Carolyn,Phillips,cphillipsrb@ehow.com,Female,207.204.1.78
985,Virginia,Patterson,vpattersonrc@fotki.com,Female,194.42.120.14
986,Doris,Hughes,dhughesrd@a8.net,Female,141.226.221.44
987,Russell,Burns,rburnsre@woothemes.com,Male,206.49.156.158
988,Bonnie,Boyd,bboydrf@mysql.com,Female,128.181.47.129
989,Sean,Spencer,sspencerrg@purevolume.com,Male,73.114.133.123
990,Ralph,Snyder,rsnyderrh@reuters.com,Male,103.106.246.67
991,Nancy,Kelley,nkelleyri@guardian.co.uk,Female,59.203.28.48
992,Brenda,Castillo,bcastillorj@php.net,Female,143.77.124.219
993,Lois,Campbell,lcampbellrk@wikia.com,Female,29.194.2.98
994,Keith,Greene,kgreenerl@timesonline.co.uk,Male,26.117.8.43
995,Lori,Foster,lfosterrm@dmoz.org,Female,229.58.165.208
996,Brandon,White,bwhitern@opera.com,Male,63.55.212.213
997,Janice,Baker,jbakerro@ehow.com,Female,102.126.87.22
998,Laura,Roberts,lrobertsrp@nifty.com,Female,206.130.35.111
999,Adam,Robertson,arobertsonrq@nyu.edu,Male,25.11.24.124
1000,Carolyn,Bennett,cbennettrr@cloudflare.com,Female,231.219.54.51
